RDN_STATE,DATASET,KNN_1,KNN_3,DT,GNB,Diss_RNG_KNN_1,Diss_RNG_KNN_3,Diss_RNG_DT,Diss_RNG_GNB
20,load_AssetNegotiationGenerator_f1_f5,0.856,0.87928,0.91596,0.86752,0.85756,0.90084,0.90392,0.83016
21,load_AssetNegotiationGenerator_f1_f5,0.856,0.87928,0.91636,0.86752,0.88976,0.92828,0.93368,0.8638
22,load_AssetNegotiationGenerator_f1_f5,0.856,0.87928,0.91536,0.86752,0.82572,0.87624,0.89124,0.8334
23,load_AssetNegotiationGenerator_f1_f5,0.856,0.87928,0.91692,0.86752,0.84896,0.89428,0.92888,0.85192
24,load_AssetNegotiationGenerator_f1_f5,0.856,0.87928,0.9158,0.86752,0.89828,0.92912,0.93032,0.83856
25,load_AssetNegotiationGenerator_f1_f5,0.856,0.87928,0.9152,0.86752,0.8436,0.8808,0.88256,0.82168
26,load_AssetNegotiationGenerator_f1_f5,0.856,0.87928,0.91596,0.86752,0.8138,0.86636,0.874,0.84428
27,load_AssetNegotiationGenerator_f1_f5,0.856,0.87928,0.91604,0.86752,0.88368,0.92504,0.92828,0.87924
28,load_AssetNegotiationGenerator_f1_f5,0.856,0.87928,0.91536,0.86752,0.89152,0.92164,0.92988,0.83468
29,load_AssetNegotiationGenerator_f1_f5,0.856,0.87928,0.91644,0.86752,0.89672,0.93536,0.93532,0.83248
30,load_AssetNegotiationGenerator_f1_f5,0.856,0.87928,0.91568,0.86752,0.88576,0.90328,0.90672,0.83672
31,load_AssetNegotiationGenerator_f1_f5,0.856,0.87928,0.9172,0.86752,0.8432,0.912,0.9138,0.82244
32,load_AssetNegotiationGenerator_f1_f5,0.856,0.87928,0.91656,0.86752,0.90136,0.92316,0.93752,0.84248
33,load_AssetNegotiationGenerator_f1_f5,0.856,0.87928,0.9156,0.86752,0.90504,0.9358,0.9366,0.88856
34,load_AssetNegotiationGenerator_f1_f5,0.856,0.87928,0.91604,0.86752,0.87512,0.928,0.9328,0.87536
35,load_AssetNegotiationGenerator_f1_f5,0.856,0.87928,0.91604,0.86752,0.8474,0.90764,0.91576,0.8322
36,load_AssetNegotiationGenerator_f1_f5,0.856,0.87928,0.91608,0.86752,0.79248,0.885,0.89804,0.83596
37,load_AssetNegotiationGenerator_f1_f5,0.856,0.87928,0.9168,0.86752,0.89524,0.92556,0.93032,0.84492
38,load_AssetNegotiationGenerator_f1_f5,0.856,0.87928,0.917,0.86752,0.8526,0.88004,0.89192,0.83148
39,load_AssetNegotiationGenerator_f1_f5,0.856,0.87928,0.91584,0.86752,0.88716,0.91524,0.92596,0.83204
40,load_AssetNegotiationGenerator_f1_f5,0.856,0.87928,0.91672,0.86752,0.89588,0.92816,0.93108,0.87232
41,load_AssetNegotiationGenerator_f1_f5,0.856,0.87928,0.91748,0.86752,0.86356,0.89856,0.91652,0.8306
42,load_AssetNegotiationGenerator_f1_f5,0.856,0.87928,0.91612,0.86752,0.85808,0.93304,0.93848,0.90028
43,load_AssetNegotiationGenerator_f1_f5,0.856,0.87928,0.91728,0.86752,0.8872,0.92704,0.93648,0.83924
44,load_AssetNegotiationGenerator_f1_f5,0.856,0.87928,0.9146,0.86752,0.9006,0.93444,0.93556,0.89936
45,load_AssetNegotiationGenerator_f1_f5,0.856,0.87928,0.91644,0.86752,0.8368,0.85732,0.87676,0.82596
46,load_AssetNegotiationGenerator_f1_f5,0.856,0.87928,0.91676,0.86752,0.83596,0.85936,0.8762,0.824
47,load_AssetNegotiationGenerator_f1_f5,0.856,0.87928,0.9158,0.86752,0.8652,0.9134,0.92632,0.82436
48,load_AssetNegotiationGenerator_f1_f5,0.856,0.87928,0.91616,0.86752,0.87884,0.89128,0.90488,0.81908
49,load_AssetNegotiationGenerator_f1_f5,0.856,0.87928,0.91588,0.86752,0.89544,0.93208,0.93696,0.85528
20,load_AgrawalGenerator_test_mode_f2_f9,0.63284,0.65824,0.91636,0.6734,0.63396,0.65392,0.62516,0.53312
21,load_AgrawalGenerator_test_mode_f2_f9,0.63284,0.65824,0.9156,0.6734,0.63312,0.65732,0.6306,0.57084
22,load_AgrawalGenerator_test_mode_f2_f9,0.63284,0.65824,0.91568,0.6734,0.63332,0.65596,0.6268,0.51756
23,load_AgrawalGenerator_test_mode_f2_f9,0.63284,0.65824,0.91616,0.6734,0.62964,0.64944,0.62292,0.52268
24,load_AgrawalGenerator_test_mode_f2_f9,0.63284,0.65824,0.9162,0.6734,0.63124,0.65304,0.62356,0.55108
25,load_AgrawalGenerator_test_mode_f2_f9,0.63284,0.65824,0.91532,0.6734,0.63152,0.6568,0.62944,0.5486
26,load_AgrawalGenerator_test_mode_f2_f9,0.63284,0.65824,0.91616,0.6734,0.62628,0.64612,0.61964,0.51156
27,load_AgrawalGenerator_test_mode_f2_f9,0.63284,0.65824,0.91592,0.6734,0.6314,0.65684,0.6246,0.5194
28,load_AgrawalGenerator_test_mode_f2_f9,0.63284,0.65824,0.91516,0.6734,0.63272,0.6576,0.62632,0.51164
29,load_AgrawalGenerator_test_mode_f2_f9,0.63284,0.65824,0.91496,0.6734,0.63392,0.65452,0.6302,0.53244
30,load_AgrawalGenerator_test_mode_f2_f9,0.63284,0.65824,0.915,0.6734,0.63144,0.65628,0.62708,0.5754
31,load_AgrawalGenerator_test_mode_f2_f9,0.63284,0.65824,0.91556,0.6734,0.63312,0.65728,0.62476,0.5444
32,load_AgrawalGenerator_test_mode_f2_f9,0.63284,0.65824,0.91472,0.6734,0.63664,0.65804,0.6318,0.51688
33,load_AgrawalGenerator_test_mode_f2_f9,0.63284,0.65824,0.91648,0.6734,0.63236,0.65656,0.62976,0.53472
34,load_AgrawalGenerator_test_mode_f2_f9,0.63284,0.65824,0.915,0.6734,0.63188,0.65476,0.6296,0.5166
35,load_AgrawalGenerator_test_mode_f2_f9,0.63284,0.65824,0.91712,0.6734,0.63052,0.65852,0.6218,0.524
36,load_AgrawalGenerator_test_mode_f2_f9,0.63284,0.65824,0.91528,0.6734,0.63388,0.65616,0.626,0.52524
37,load_AgrawalGenerator_test_mode_f2_f9,0.63284,0.65824,0.916,0.6734,0.63244,0.65676,0.6242,0.5314
38,load_AgrawalGenerator_test_mode_f2_f9,0.63284,0.65824,0.91512,0.6734,0.63592,0.65828,0.62748,0.51944
39,load_AgrawalGenerator_test_mode_f2_f9,0.63284,0.65824,0.91604,0.6734,0.63604,0.65532,0.62596,0.52544
40,load_AgrawalGenerator_test_mode_f2_f9,0.63284,0.65824,0.91576,0.6734,0.63028,0.65316,0.62444,0.50884
41,load_AgrawalGenerator_test_mode_f2_f9,0.63284,0.65824,0.91624,0.6734,0.63272,0.65784,0.62404,0.51152
42,load_AgrawalGenerator_test_mode_f2_f9,0.63284,0.65824,0.91652,0.6734,0.63328,0.65556,0.62756,0.56228
43,load_AgrawalGenerator_test_mode_f2_f9,0.63284,0.65824,0.9172,0.6734,0.63152,0.65128,0.62336,0.50796
44,load_AgrawalGenerator_test_mode_f2_f9,0.63284,0.65824,0.91572,0.6734,0.63308,0.65272,0.62432,0.52864
45,load_AgrawalGenerator_test_mode_f2_f9,0.63284,0.65824,0.91616,0.6734,0.63284,0.65756,0.63264,0.52936
46,load_AgrawalGenerator_test_mode_f2_f9,0.63284,0.65824,0.9162,0.6734,0.63232,0.65372,0.63224,0.5364
47,load_AgrawalGenerator_test_mode_f2_f9,0.63284,0.65824,0.91516,0.6734,0.63396,0.65688,0.63056,0.54832
48,load_AgrawalGenerator_test_mode_f2_f9,0.63284,0.65824,0.916,0.6734,0.62684,0.65588,0.6256,0.50992
49,load_AgrawalGenerator_test_mode_f2_f9,0.63284,0.65824,0.91568,0.6734,0.6288,0.65164,0.62976,0.51812
20,load_SEAGenerator_test_f2_f4,0.81408,0.8696,0.80864,0.86968,0.81144,0.8666,0.80132,0.802
21,load_SEAGenerator_test_f2_f4,0.81408,0.8696,0.80836,0.86968,0.81272,0.86784,0.80268,0.82732
22,load_SEAGenerator_test_f2_f4,0.81408,0.8696,0.80712,0.86968,0.81084,0.8694,0.80448,0.76572
23,load_SEAGenerator_test_f2_f4,0.81408,0.8696,0.80732,0.86968,0.811,0.86696,0.8008,0.74984
24,load_SEAGenerator_test_f2_f4,0.81408,0.8696,0.80808,0.86968,0.81124,0.8656,0.79944,0.72
25,load_SEAGenerator_test_f2_f4,0.81408,0.8696,0.80788,0.86968,0.80948,0.86224,0.8012,0.74072
26,load_SEAGenerator_test_f2_f4,0.81408,0.8696,0.80888,0.86968,0.81288,0.86932,0.8066,0.83732
27,load_SEAGenerator_test_f2_f4,0.81408,0.8696,0.80932,0.86968,0.81408,0.8672,0.8038,0.79908
28,load_SEAGenerator_test_f2_f4,0.81408,0.8696,0.8094,0.86968,0.81112,0.86528,0.798,0.77992
29,load_SEAGenerator_test_f2_f4,0.81408,0.8696,0.80896,0.86968,0.81372,0.8692,0.80464,0.84828
30,load_SEAGenerator_test_f2_f4,0.81408,0.8696,0.80868,0.86968,0.812,0.86724,0.80364,0.76864
31,load_SEAGenerator_test_f2_f4,0.81408,0.8696,0.80892,0.86968,0.81244,0.86584,0.80296,0.76052
32,load_SEAGenerator_test_f2_f4,0.81408,0.8696,0.80868,0.86968,0.81324,0.86988,0.80816,0.87672
33,load_SEAGenerator_test_f2_f4,0.81408,0.8696,0.80824,0.86968,0.80912,0.863,0.79668,0.7362
34,load_SEAGenerator_test_f2_f4,0.81408,0.8696,0.80852,0.86968,0.81368,0.86892,0.8032,0.808
35,load_SEAGenerator_test_f2_f4,0.81408,0.8696,0.80992,0.86968,0.81356,0.86996,0.80716,0.83128
36,load_SEAGenerator_test_f2_f4,0.81408,0.8696,0.80676,0.86968,0.81332,0.86884,0.804,0.79596
37,load_SEAGenerator_test_f2_f4,0.81408,0.8696,0.80752,0.86968,0.80604,0.86524,0.80052,0.7272
38,load_SEAGenerator_test_f2_f4,0.81408,0.8696,0.80808,0.86968,0.81504,0.87144,0.80368,0.82056
39,load_SEAGenerator_test_f2_f4,0.81408,0.8696,0.80912,0.86968,0.80976,0.86804,0.80384,0.80212
40,load_SEAGenerator_test_f2_f4,0.81408,0.8696,0.80816,0.86968,0.80772,0.86268,0.79744,0.70632
41,load_SEAGenerator_test_f2_f4,0.81408,0.8696,0.80788,0.86968,0.81176,0.8684,0.80744,0.79788
42,load_SEAGenerator_test_f2_f4,0.81408,0.8696,0.80688,0.86968,0.8114,0.86752,0.80392,0.76068
43,load_SEAGenerator_test_f2_f4,0.81408,0.8696,0.80912,0.86968,0.81344,0.86808,0.80364,0.76008
44,load_SEAGenerator_test_f2_f4,0.81408,0.8696,0.80876,0.86968,0.81356,0.8696,0.80632,0.8338
45,load_SEAGenerator_test_f2_f4,0.81408,0.8696,0.80816,0.86968,0.81264,0.86656,0.8008,0.82016
46,load_SEAGenerator_test_f2_f4,0.81408,0.8696,0.80744,0.86968,0.81352,0.86976,0.80532,0.82212
47,load_SEAGenerator_test_f2_f4,0.81408,0.8696,0.80888,0.86968,0.81168,0.86948,0.8024,0.80572
48,load_SEAGenerator_test_f2_f4,0.81408,0.8696,0.8078,0.86968,0.8112,0.86784,0.80468,0.78748
49,load_SEAGenerator_test_f2_f4,0.81408,0.8696,0.8084,0.86968,0.8116,0.86984,0.80388,0.82872
