RDN_STATE,DATASET,KNN_1,KNN_3,DT,GNB,Diss_RNG_KNN_1,Diss_RNG_KNN_3,Diss_RNG_DT,Diss_RNG_GNB,Diss_CET_KNN_1,Diss_CET_KNN_3,Diss_CET_DT,Diss_CET_GNB
20,load_AssetNegotiationGenerator_f1_f5,0.51572,0.4788,0.53108,0.47872,0.4375,0.49508,0.48808,0.5304,0.52312,0.50656,0.5399,0.47342
21,load_AssetNegotiationGenerator_f1_f5,0.51572,0.4788,0.53044,0.47872,0.47034,0.48156,0.48328,0.4507,0.52802,0.50136,0.55722,0.4594
22,load_AssetNegotiationGenerator_f1_f5,0.51572,0.4788,0.53026,0.47872,0.59288,0.47708,0.63526,0.48012,0.52872,0.50102,0.53982,0.48876
23,load_AssetNegotiationGenerator_f1_f5,0.51572,0.4788,0.5306,0.47872,0.46932,0.48018,0.48546,0.4458,0.54538,0.50144,0.55648,0.457
24,load_AssetNegotiationGenerator_f1_f5,0.51572,0.4788,0.53068,0.47872,0.4851,0.46908,0.46836,0.45552,0.53502,0.49458,0.5338,0.45702
25,load_AssetNegotiationGenerator_f1_f5,0.51572,0.4788,0.53064,0.47872,0.46102,0.47386,0.4808,0.45446,0.5346,0.50128,0.53982,0.461
26,load_AssetNegotiationGenerator_f1_f5,0.51572,0.4788,0.53096,0.47872,0.44556,0.61036,0.46772,0.46732,0.53282,0.5006,0.52924,0.47338
27,load_AssetNegotiationGenerator_f1_f5,0.51572,0.4788,0.53052,0.47872,0.4836,0.4804,0.48134,0.44938,0.52764,0.4953,0.53482,0.46566
28,load_AssetNegotiationGenerator_f1_f5,0.51572,0.4788,0.53096,0.47872,0.47164,0.51194,0.51174,0.4545,0.52864,0.49528,0.53406,0.53092
29,load_AssetNegotiationGenerator_f1_f5,0.51572,0.4788,0.53076,0.47872,0.51914,0.52514,0.48608,0.45584,0.53502,0.49484,0.52698,0.45674
30,load_AssetNegotiationGenerator_f1_f5,0.51572,0.4788,0.531,0.47872,0.50078,0.45772,0.46632,0.4748,0.533,0.4951,0.53408,0.45736
31,load_AssetNegotiationGenerator_f1_f5,0.51572,0.4788,0.53086,0.47872,0.54428,0.4187,0.42168,0.4261,0.51788,0.4943,0.52948,0.53092
32,load_AssetNegotiationGenerator_f1_f5,0.51572,0.4788,0.53086,0.47872,0.53104,0.48618,0.48868,0.46416,0.54558,0.50136,0.53988,0.47274
33,load_AssetNegotiationGenerator_f1_f5,0.51572,0.4788,0.53076,0.47872,0.4526,0.46154,0.45918,0.47056,0.5329,0.4947,0.53394,0.47274
34,load_AssetNegotiationGenerator_f1_f5,0.51572,0.4788,0.53042,0.47872,0.5646,0.49046,0.4996,0.505,0.54418,0.501,0.53508,0.47338
35,load_AssetNegotiationGenerator_f1_f5,0.51572,0.4788,0.53064,0.47872,0.44416,0.45186,0.47082,0.48872,0.53748,0.50124,0.536,0.53092
36,load_AssetNegotiationGenerator_f1_f5,0.51572,0.4788,0.53086,0.47872,0.49292,0.4765,0.47686,0.44188,0.53312,0.4955,0.52248,0.48876
37,load_AssetNegotiationGenerator_f1_f5,0.51572,0.4788,0.53078,0.47872,0.46918,0.48534,0.49058,0.49072,0.53284,0.49522,0.53918,0.45736
38,load_AssetNegotiationGenerator_f1_f5,0.51572,0.4788,0.53018,0.47872,0.52794,0.49072,0.48998,0.463,0.53932,0.50676,0.5397,0.47484
39,load_AssetNegotiationGenerator_f1_f5,0.51572,0.4788,0.53004,0.47872,0.50242,0.48176,0.48274,0.46112,0.51528,0.5006,0.54056,0.47342
40,load_AssetNegotiationGenerator_f1_f5,0.51572,0.4788,0.53004,0.47872,0.4615,0.48742,0.4819,0.47216,0.52162,0.50124,0.53954,0.47484
41,load_AssetNegotiationGenerator_f1_f5,0.51572,0.4788,0.53096,0.47872,0.4757,0.47614,0.47844,0.43486,0.53478,0.50144,0.53944,0.53092
42,load_AssetNegotiationGenerator_f1_f5,0.51572,0.4788,0.53088,0.47872,0.51326,0.49608,0.5049,0.50338,0.55008,0.51232,0.52918,0.47338
43,load_AssetNegotiationGenerator_f1_f5,0.51572,0.4788,0.53066,0.47872,0.4638,0.47916,0.47772,0.46708,0.53918,0.49508,0.52962,0.47342
44,load_AssetNegotiationGenerator_f1_f5,0.51572,0.4788,0.53018,0.47872,0.46634,0.4637,0.46218,0.4438,0.54474,0.51278,0.52868,0.47024
45,load_AssetNegotiationGenerator_f1_f5,0.51572,0.4788,0.53044,0.47872,0.47066,0.47148,0.474,0.47028,0.5357,0.50052,0.55674,0.47984
46,load_AssetNegotiationGenerator_f1_f5,0.51572,0.4788,0.53018,0.47872,0.49908,0.48576,0.48724,0.46296,0.53502,0.4947,0.53882,0.461
47,load_AssetNegotiationGenerator_f1_f5,0.51572,0.4788,0.5312,0.47872,0.4606,0.48214,0.48158,0.47122,0.53306,0.49528,0.536,0.47484
48,load_AssetNegotiationGenerator_f1_f5,0.51572,0.4788,0.53064,0.47872,0.53274,0.4493,0.4553,0.46606,0.52292,0.5006,0.52886,0.45674
49,load_AssetNegotiationGenerator_f1_f5,0.51572,0.4788,0.5299,0.47872,0.47604,0.49058,0.48714,0.46468,0.5447,0.4948,0.55082,0.48866
20,load_AgrawalGenerator_test_mode_f2_f9,0.60398,0.64732,0.59852,0.73664,0.60212,0.6408,0.5726,0.47502,0.59734,0.63534,0.59652,0.53286
21,load_AgrawalGenerator_test_mode_f2_f9,0.60398,0.64732,0.59696,0.73664,0.60118,0.63696,0.58614,0.43686,0.59724,0.63534,0.59304,0.5328
22,load_AgrawalGenerator_test_mode_f2_f9,0.60398,0.64732,0.59154,0.73664,0.60126,0.63166,0.5753,0.41412,0.5991,0.63534,0.59634,0.53286
23,load_AgrawalGenerator_test_mode_f2_f9,0.60398,0.64732,0.59322,0.73664,0.61224,0.64762,0.58376,0.41442,0.59918,0.63498,0.5971,0.53284
24,load_AgrawalGenerator_test_mode_f2_f9,0.60398,0.64732,0.59708,0.73664,0.5957,0.63024,0.57394,0.37868,0.59916,0.63478,0.60066,0.53194
25,load_AgrawalGenerator_test_mode_f2_f9,0.60398,0.64732,0.59468,0.73664,0.59932,0.6392,0.57412,0.44996,0.59916,0.63476,0.59628,0.53284
26,load_AgrawalGenerator_test_mode_f2_f9,0.60398,0.64732,0.59202,0.73664,0.59476,0.63376,0.57226,0.50612,0.59736,0.6348,0.59892,0.53284
27,load_AgrawalGenerator_test_mode_f2_f9,0.60398,0.64732,0.59524,0.73664,0.60016,0.62606,0.5711,0.46952,0.59738,0.63546,0.60078,0.5328
28,load_AgrawalGenerator_test_mode_f2_f9,0.60398,0.64732,0.59714,0.73664,0.60432,0.6379,0.5749,0.41834,0.59916,0.63552,0.59314,0.53278
29,load_AgrawalGenerator_test_mode_f2_f9,0.60398,0.64732,0.60012,0.73664,0.59704,0.63302,0.5656,0.4948,0.59916,0.63534,0.59702,0.53278
30,load_AgrawalGenerator_test_mode_f2_f9,0.60398,0.64732,0.59088,0.73664,0.5938,0.63988,0.57072,0.42182,0.59904,0.63492,0.59634,0.53194
31,load_AgrawalGenerator_test_mode_f2_f9,0.60398,0.64732,0.59788,0.73664,0.59174,0.63006,0.56956,0.48338,0.59692,0.6355,0.60194,0.53196
32,load_AgrawalGenerator_test_mode_f2_f9,0.60398,0.64732,0.59622,0.73664,0.60416,0.64704,0.592,0.44094,0.59904,0.63478,0.60108,0.53282
33,load_AgrawalGenerator_test_mode_f2_f9,0.60398,0.64732,0.59302,0.73664,0.58508,0.6183,0.55896,0.46628,0.59728,0.63534,0.5966,0.53206
34,load_AgrawalGenerator_test_mode_f2_f9,0.60398,0.64732,0.59534,0.73664,0.604,0.63798,0.58378,0.37354,0.59916,0.63496,0.60004,0.53278
35,load_AgrawalGenerator_test_mode_f2_f9,0.60398,0.64732,0.5912,0.73664,0.6041,0.64232,0.56772,0.45406,0.59724,0.6348,0.59174,0.53194
36,load_AgrawalGenerator_test_mode_f2_f9,0.60398,0.64732,0.59762,0.73664,0.57772,0.60994,0.57352,0.39052,0.59942,0.63468,0.5988,0.53278
37,load_AgrawalGenerator_test_mode_f2_f9,0.60398,0.64732,0.59898,0.73664,0.60308,0.64356,0.5809,0.46706,0.59906,0.6355,0.59562,0.5328
38,load_AgrawalGenerator_test_mode_f2_f9,0.60398,0.64732,0.58946,0.73664,0.57762,0.60012,0.5636,0.42956,0.59724,0.63546,0.59684,0.53194
39,load_AgrawalGenerator_test_mode_f2_f9,0.60398,0.64732,0.59302,0.73664,0.5797,0.61318,0.5628,0.39534,0.59728,0.63492,0.59738,0.53198
40,load_AgrawalGenerator_test_mode_f2_f9,0.60398,0.64732,0.59972,0.73664,0.5906,0.62486,0.55996,0.4596,0.59914,0.63498,0.59708,0.53198
41,load_AgrawalGenerator_test_mode_f2_f9,0.60398,0.64732,0.5927,0.73664,0.56744,0.58898,0.53934,0.46402,0.59924,0.63542,0.59896,0.5328
42,load_AgrawalGenerator_test_mode_f2_f9,0.60398,0.64732,0.59276,0.73664,0.59684,0.6343,0.57542,0.4794,0.59918,0.63546,0.60124,0.53282
43,load_AgrawalGenerator_test_mode_f2_f9,0.60398,0.64732,0.59608,0.73664,0.6071,0.63702,0.5821,0.48374,0.59922,0.63478,0.59794,0.53206
44,load_AgrawalGenerator_test_mode_f2_f9,0.60398,0.64732,0.59642,0.73664,0.60136,0.63448,0.57828,0.3801,0.59924,0.63496,0.60044,0.5328
45,load_AgrawalGenerator_test_mode_f2_f9,0.60398,0.64732,0.59628,0.73664,0.59714,0.63606,0.58508,0.43228,0.59738,0.63552,0.59606,0.53194
46,load_AgrawalGenerator_test_mode_f2_f9,0.60398,0.64732,0.5917,0.73664,0.58478,0.62206,0.56404,0.36378,0.59694,0.63496,0.59668,0.53194
47,load_AgrawalGenerator_test_mode_f2_f9,0.60398,0.64732,0.59602,0.73664,0.58096,0.61364,0.5741,0.35722,0.59918,0.63492,0.5961,0.53196
48,load_AgrawalGenerator_test_mode_f2_f9,0.60398,0.64732,0.59506,0.73664,0.60418,0.63894,0.59154,0.47484,0.59716,0.63546,0.59514,0.53194
49,load_AgrawalGenerator_test_mode_f2_f9,0.60398,0.64732,0.5879,0.73664,0.58486,0.6161,0.55556,0.44936,0.59724,0.63478,0.59222,0.53208
20,load_SEAGenerator_test_f2_f4,0.7923,0.84184,0.7846,0.86408,0.79192,0.84226,0.78662,0.74908,0.79104,0.84242,0.7841,0.715
21,load_SEAGenerator_test_f2_f4,0.7923,0.84184,0.78648,0.86408,0.79356,0.84216,0.78202,0.7933,0.70016,0.83998,0.69524,0.88272
22,load_SEAGenerator_test_f2_f4,0.7923,0.84184,0.7858,0.86408,0.79254,0.84366,0.78932,0.72848,0.79056,0.73848,0.69306,0.73128
23,load_SEAGenerator_test_f2_f4,0.7923,0.84184,0.78508,0.86408,0.79408,0.84222,0.78346,0.66766,0.79312,0.8424,0.69136,0.7297
24,load_SEAGenerator_test_f2_f4,0.7923,0.84184,0.78468,0.86408,0.79334,0.84234,0.78158,0.82388,0.7909,0.84142,0.78284,0.8431
25,load_SEAGenerator_test_f2_f4,0.7923,0.84184,0.78584,0.86408,0.79322,0.84314,0.78246,0.79616,0.79004,0.84028,0.68014,0.71144
26,load_SEAGenerator_test_f2_f4,0.7923,0.84184,0.78474,0.86408,0.79298,0.8416,0.78444,0.76592,0.79156,0.73576,0.69578,0.88266
27,load_SEAGenerator_test_f2_f4,0.7923,0.84184,0.78468,0.86408,0.7913,0.84152,0.7833,0.8321,0.6897,0.73592,0.67084,0.8816
28,load_SEAGenerator_test_f2_f4,0.7923,0.84184,0.7861,0.86408,0.79262,0.84204,0.78628,0.7914,0.79246,0.7361,0.78316,0.73082
29,load_SEAGenerator_test_f2_f4,0.7923,0.84184,0.78498,0.86408,0.79292,0.84206,0.7852,0.81706,0.70012,0.7371,0.7841,0.8821
30,load_SEAGenerator_test_f2_f4,0.7923,0.84184,0.78436,0.86408,0.79196,0.84154,0.78386,0.81574,0.79,0.84216,0.69442,0.73282
31,load_SEAGenerator_test_f2_f4,0.7923,0.84184,0.78578,0.86408,0.79142,0.8418,0.78494,0.86654,0.79276,0.73676,0.69212,0.72848
32,load_SEAGenerator_test_f2_f4,0.7923,0.84184,0.78484,0.86408,0.79284,0.84278,0.78494,0.79652,0.69914,0.84222,0.69594,0.73618
33,load_SEAGenerator_test_f2_f4,0.7923,0.84184,0.78484,0.86408,0.79206,0.84186,0.78136,0.67642,0.7904,0.7317,0.7863,0.72988
34,load_SEAGenerator_test_f2_f4,0.7923,0.84184,0.78616,0.86408,0.7917,0.8412,0.78328,0.83192,0.79198,0.73686,0.78358,0.8433
35,load_SEAGenerator_test_f2_f4,0.7923,0.84184,0.78588,0.86408,0.79216,0.84196,0.78658,0.80384,0.69776,0.73266,0.6952,0.88184
36,load_SEAGenerator_test_f2_f4,0.7923,0.84184,0.78586,0.86408,0.79306,0.84374,0.78434,0.76224,0.69684,0.83916,0.78534,0.83932
37,load_SEAGenerator_test_f2_f4,0.7923,0.84184,0.78504,0.86408,0.7929,0.84334,0.78232,0.79874,0.79108,0.73674,0.78562,0.7332
38,load_SEAGenerator_test_f2_f4,0.7923,0.84184,0.78468,0.86408,0.79288,0.8422,0.78174,0.82646,0.69862,0.8426,0.69612,0.72954
39,load_SEAGenerator_test_f2_f4,0.7923,0.84184,0.78506,0.86408,0.79114,0.84218,0.7788,0.7722,0.69714,0.74056,0.69368,0.73436
40,load_SEAGenerator_test_f2_f4,0.7923,0.84184,0.78432,0.86408,0.7944,0.84332,0.78478,0.76578,0.79256,0.70864,0.78638,0.73088
41,load_SEAGenerator_test_f2_f4,0.7923,0.84184,0.78446,0.86408,0.7939,0.8434,0.7809,0.76434,0.6973,0.74086,0.78282,0.71104
42,load_SEAGenerator_test_f2_f4,0.7923,0.84184,0.7852,0.86408,0.79418,0.84142,0.78664,0.83506,0.696,0.84174,0.69722,0.731
43,load_SEAGenerator_test_f2_f4,0.7923,0.84184,0.78536,0.86408,0.79208,0.84202,0.78358,0.76352,0.79218,0.72488,0.69538,0.73242
44,load_SEAGenerator_test_f2_f4,0.7923,0.84184,0.78474,0.86408,0.79278,0.84214,0.78396,0.81782,0.78966,0.72704,0.69484,0.8807
45,load_SEAGenerator_test_f2_f4,0.7923,0.84184,0.78502,0.86408,0.79208,0.8421,0.78412,0.81914,0.69792,0.8411,0.78312,0.73096
46,load_SEAGenerator_test_f2_f4,0.7923,0.84184,0.78578,0.86408,0.79202,0.84276,0.78546,0.84012,0.79054,0.8432,0.69824,0.85492
47,load_SEAGenerator_test_f2_f4,0.7923,0.84184,0.78436,0.86408,0.79406,0.8435,0.78658,0.75982,0.79312,0.8421,0.69392,0.733
48,load_SEAGenerator_test_f2_f4,0.7923,0.84184,0.7852,0.86408,0.79172,0.84172,0.7844,0.82552,0.68196,0.73706,0.69978,0.7308
49,load_SEAGenerator_test_f2_f4,0.7923,0.84184,0.78534,0.86408,0.79232,0.84218,0.7841,0.83266,0.70062,0.737,0.6767,0.70782
